id,name,model_id:id,group_id:id,perm_read,perm_write,perm_create,perm_unlink
access_l10n_ve_compliance_client_user,l10n.ve.compliance.client.user,model_l10n_ve_compliance_client,account.group_account_user,1,0,0,0
access_l10n_ve_compliance_client_manager,l10n.ve.compliance.client.manager,model_l10n_ve_compliance_client,account.group_account_manager,1,1,1,1
access_l10n_ve_compliance_client_accountant,l10n.ve.compliance.client.accountant,model_l10n_ve_compliance_client,l10n_ve_compliance_accountant,1,1,1,1
access_l10n_ve_institution_user,l10n.ve.institution.user,model_l10n_ve_institution,account.group_account_user,1,0,0,0
access_l10n_ve_institution_manager,l10n.ve.institution.manager,model_l10n_ve_institution,account.group_account_manager,1,1,1,1
access_l10n_ve_institution_accountant,l10n.ve.institution.accountant,model_l10n_ve_institution,l10n_ve_compliance_accountant,1,1,1,1
access_l10n_ve_obligation_type_user,l10n.ve.obligation.type.user,model_l10n_ve_obligation_type,account.group_account_user,1,0,0,0
access_l10n_ve_obligation_type_manager,l10n.ve.obligation.type.manager,model_l10n_ve_obligation_type,account.group_account_manager,1,1,1,1
access_l10n_ve_obligation_type_accountant,l10n.ve.obligation.type.accountant,model_l10n_ve_obligation_type,l10n_ve_compliance_accountant,1,1,1,1
access_l10n_ve_obligation_user,l10n.ve.obligation.user,model_l10n_ve_obligation,account.group_account_user,1,0,0,0
access_l10n_ve_obligation_manager,l10n.ve.obligation.manager,model_l10n_ve_obligation,account.group_account_manager,1,1,1,1
access_l10n_ve_obligation_accountant,l10n.ve.obligation.accountant,model_l10n_ve_obligation,l10n_ve_compliance_accountant,1,1,1,1
access_l10n_ve_document_type_user,l10n.ve.document.type.user,model_l10n_ve_document_type,account.group_account_user,1,0,0,0
access_l10n_ve_document_type_manager,l10n.ve.document.type.manager,model_l10n_ve_document_type,account.group_account_manager,1,1,1,1
access_l10n_ve_document_type_accountant,l10n.ve.document.type.accountant,model_l10n_ve_document_type,l10n_ve_compliance_accountant,1,1,1,1
access_l10n_ve_document_user,l10n.ve.document.user,model_l10n_ve_document,account.group_account_user,1,0,0,0
access_l10n_ve_document_manager,l10n.ve.document.manager,model_l10n_ve_document,account.group_account_manager,1,1,1,1
access_l10n_ve_document_accountant,l10n.ve.document.accountant,model_l10n_ve_document,l10n_ve_compliance_accountant,1,1,1,1
access_l10n_ve_alert_user,l10n.ve.alert.user,model_l10n_ve_alert,account.group_account_user,1,0,0,0
access_l10n_ve_alert_manager,l10n.ve.alert.manager,model_l10n_ve_alert,account.group_account_manager,1,1,1,1
access_l10n_ve_alert_accountant,l10n.ve.alert.accountant,model_l10n_ve_alert,l10n_ve_compliance_accountant,1,1,1,1
access_l10n_retention_user,l10n.retention.user,model_l10n_retention,account.group_account_user,1,0,0,0
access_l10n_retention_manager,l10n.retention.manager,model_l10n_retention,account.group_account_manager,1,1,1,1
access_l10n_retention_accountant,l10n.retention.accountant,model_l10n_retention,l10n_ve_compliance_accountant,1,1,1,1